学号,院系
10880101,临床医学
10880102,临床医学
10880104,临床医学
10880107,临床医学
10880111,临床医学
10880112,临床医学
10880113,临床医学
10880116,临床医学
10880117,临床医学
10880118,临床医学
10880119,临床医学
10880120,临床医学
10880121,临床医学
10880122,临床医学
10880123,临床医学
10880124,临床医学
10880128,临床医学
7880112,临床医学
10880201,临床医学
10880213,临床医学
10880214,临床医学
10880217,临床医学
10880218,临床医学
10880220,临床医学
10880221,临床医学
10880222,临床医学
10880223,临床医学
10880225,临床医学
10880226,临床医学
10880227,临床医学
10880228,临床医学
9880116,临床医学
10880304,临床医学
10880306,临床医学
10880307,临床医学
10880309,临床医学
10880310,临床医学
10880311,临床医学
10880312,临床医学
10880313,临床医学
10880314,临床医学
10880315,临床医学
10880316,临床医学
10880317,临床医学
10880318,临床医学
10880319,临床医学
10880320,临床医学
10880321,临床医学
10880322,临床医学
10880323,临床医学
10880324,临床医学
10880326,临床医学
10880327,临床医学
10880328,临床医学
10880329,临床医学
9880206,临床医学
8880311,临床医学
10880103,临床医学
10880106,临床医学
10880108,临床医学
10880110,临床医学
10880115,临床医学
10880125,临床医学
10880126,临床医学
10880127,临床医学
10880130,临床医学
10880202,临床医学
10880203,临床医学
10880204,临床医学
10880205,临床医学
10880206,临床医学
10880207,临床医学
10880208,临床医学
10880209,临床医学
10880210,临床医学
10880211,临床医学
10880212,临床医学
10880215,临床医学
10880216,临床医学
10880224,临床医学
10880229,临床医学
10880301,临床医学
10880302,临床医学
10880303,临床医学
10880305,临床医学
10880308,临床医学
10810101,临床医学（全科方向）
10810103,临床医学（全科方向）
10810104,临床医学（全科方向）
10810105,临床医学（全科方向）
10810106,临床医学（全科方向）
10810107,临床医学（全科方向）
10810108,临床医学（全科方向）
10810109,临床医学（全科方向）
10810110,临床医学（全科方向）
10810112,临床医学（全科方向）
10810113,临床医学（全科方向）
10810115,临床医学（全科方向）
10810117,临床医学（全科方向）
10810118,临床医学（全科方向）
10810119,临床医学（全科方向）
10810120,临床医学（全科方向）
10810121,临床医学（全科方向）
10810122,临床医学（全科方向）
10810124,临床医学（全科方向）
10810125,临床医学（全科方向）
10810126,临床医学（全科方向）
10810127,临床医学（全科方向）
10810128,临床医学（全科方向）
10810129,临床医学（全科方向）
10810201,临床医学（全科方向）
10810202,临床医学（全科方向）
10810203,临床医学（全科方向）
10810204,临床医学（全科方向）
10810205,临床医学（全科方向）
10810206,临床医学（全科方向）
10810207,临床医学（全科方向）
10810208,临床医学（全科方向）
10810209,临床医学（全科方向）
10810210,临床医学（全科方向）
10810212,临床医学（全科方向）
10810213,临床医学（全科方向）
10810214,临床医学（全科方向）
10810215,临床医学（全科方向）
10810216,临床医学（全科方向）
10810217,临床医学（全科方向）
10810218,临床医学（全科方向）
10810219,临床医学（全科方向）
10810220,临床医学（全科方向）
10810222,临床医学（全科方向）
10810223,临床医学（全科方向）
10810224,临床医学（全科方向）
10810225,临床医学（全科方向）
10810226,临床医学（全科方向）
10810227,临床医学（全科方向）
10810301,临床医学（全科方向）
10810302,临床医学（全科方向）
10810303,临床医学（全科方向）
10810305,临床医学（全科方向）
10810306,临床医学（全科方向）
10810307,临床医学（全科方向）
10810308,临床医学（全科方向）
10810309,临床医学（全科方向）
10810310,临床医学（全科方向）
10810311,临床医学（全科方向）
10810314,临床医学（全科方向）
10810315,临床医学（全科方向）
10810316,临床医学（全科方向）
10810317,临床医学（全科方向）
10810318,临床医学（全科方向）
10810319,临床医学（全科方向）
10810320,临床医学（全科方向）
10810321,临床医学（全科方向）
10810322,临床医学（全科方向）
10810323,临床医学（全科方向）
10810325,临床医学（全科方向）
10810326,临床医学（全科方向）
10810327,临床医学（全科方向）
9810215,临床医学（全科方向）
9810507,临床医学（全科方向）
9810510,临床医学（全科方向）
10810401,临床医学（全科方向）
10810402,临床医学（全科方向）
10810403,临床医学（全科方向）
10810405,临床医学（全科方向）
10810406,临床医学（全科方向）
10810407,临床医学（全科方向）
10810409,临床医学（全科方向）
10810411,临床医学（全科方向）
10810412,临床医学（全科方向）
10810413,临床医学（全科方向）
10810414,临床医学（全科方向）
10810415,临床医学（全科方向）
10810416,临床医学（全科方向）
10810417,临床医学（全科方向）
10810418,临床医学（全科方向）
10810419,临床医学（全科方向）
10810420,临床医学（全科方向）
10810421,临床医学（全科方向）
10810422,临床医学（全科方向）
10810423,临床医学（全科方向）
10810424,临床医学（全科方向）
10810425,临床医学（全科方向）
10810426,临床医学（全科方向）
10810428,临床医学（全科方向）
9810513,临床医学（全科方向）
10810501,临床医学（全科方向）
10810503,临床医学（全科方向）
10810504,临床医学（全科方向）
10810505,临床医学（全科方向）
10810507,临床医学（全科方向）
10810508,临床医学（全科方向）
10810509,临床医学（全科方向）
10810511,临床医学（全科方向）
10810512,临床医学（全科方向）
10810513,临床医学（全科方向）
10810514,临床医学（全科方向）
10810515,临床医学（全科方向）
10810516,临床医学（全科方向）
10810517,临床医学（全科方向）
10810518,临床医学（全科方向）
10810520,临床医学（全科方向）
10810521,临床医学（全科方向）
10810522,临床医学（全科方向）
10810523,临床医学（全科方向）
10810524,临床医学（全科方向）
10810525,临床医学（全科方向）
10810526,临床医学（全科方向）
10810527,临床医学（全科方向）
10810528,临床医学（全科方向）
10810529,临床医学（全科方向）
10890101,预防医学
10890102,预防医学
10890103,预防医学
10890104,预防医学
10890105,预防医学
10890106,预防医学
10890107,预防医学
10890108,预防医学
10890109,预防医学
10890110,预防医学
10890111,预防医学
10890112,预防医学
10890113,预防医学
10890114,预防医学
10890115,预防医学
10890116,预防医学
10890117,预防医学
10890118,预防医学
10890119,预防医学
10890120,预防医学
10890121,预防医学
10890122,预防医学
10890123,预防医学
10890125,预防医学
10890126,预防医学
10890127,预防医学
10890128,预防医学
10890129,预防医学
10890131,预防医学
10890132,预防医学
10890134,预防医学
10890135,预防医学
10890136,预防医学
10890137,预防医学
10890138,预防医学
10890139,预防医学
10900101,预防医学
10900104,生物医学工程
10900105,生物医学工程
10900106,生物医学工程
10900107,生物医学工程
10900108,生物医学工程
10900111,生物医学工程
10900113,生物医学工程
10900115,生物医学工程
10900116,生物医学工程
10820101,医学影像学
10820102,医学影像学
10820104,医学影像学
10820105,医学影像学
10820106,医学影像学
10820107,医学影像学
10820108,医学影像学
10820109,医学影像学
10820110,医学影像学
10820111,医学影像学
10820113,医学影像学
10820115,医学影像学
10820116,医学影像学
10820117,医学影像学
10820118,医学影像学
10820119,医学影像学
10820121,医学影像学
10820122,医学影像学
10820123,医学影像学
10820124,医学影像学
10820125,医学影像学
10820126,医学影像学
10820127,医学影像学
10820128,医学影像学
10820129,医学影像学
10820130,医学影像学
10820131,医学影像学
10820133,医学影像学
10820134,医学影像学
10820135,医学影像学
10820136,医学影像学
10820137,医学影像学
10820138,医学影像学
10820139,医学影像学
10820201,医学影像学
10820202,医学影像学
10820203,医学影像学
10820204,医学影像学
10820205,医学影像学
10820206,医学影像学
10820207,医学影像学
10820208,医学影像学
10820209,医学影像学
10820210,医学影像学
10820211,医学影像学
10820212,医学影像学
10820213,医学影像学
10820214,医学影像学
10820215,医学影像学
10820216,医学影像学
10820217,医学影像学
10820218,医学影像学
10820219,医学影像学
10820220,医学影像学
10820221,医学影像学
10820222,医学影像学
10820301,医学影像学
10820302,医学影像学
10820303,医学影像学
10820304,医学影像学
10820305,医学影像学
10820306,医学影像学
10820307,医学影像学
10820308,医学影像学
10820309,医学影像学
10820310,医学影像学
10820311,医学影像学
10820312,医学影像学
10820313,医学影像学
10820314,医学影像学
10820315,医学影像学
10820316,医学影像学
10820317,医学影像学
10820318,医学影像学
10820319,医学影像学
10820320,医学影像学
10820321,医学影像学
10860102,药学
10860103,药学
10860104,药学
10860105,药学
10860106,药学
10860107,药学
10860108,药学
10860109,药学
10860110,药学
10860111,药学
10860112,药学
10860113,药学
10860115,药学
10860116,药学
10860118,药学
10860119,药学
10860120,药学
10860121,药学
10860122,药学
10860123,药学
10860124,药学
10860125,药学
10860126,药学
10860127,药学
10860128,药学
10860129,药学
10860130,药学
10860131,药学
9860111,药学
9860108,药学
9860132,药学
10860201,药学
10860203,药学
10860204,药学
10860205,药学
10860207,药学
10860208,药学
10860209,药学
10860211,药学
10860212,药学
10860213,药学
10860214,药学
10860215,药学
10860216,药学
10860217,药学
10860218,药学
10860219,药学
10860220,药学
10860221,药学
10860222,药学
10860223,药学
10860224,药学
10860225,药学
10860226,药学
10860227,药学
10860228,药学
10860229,药学
10860230,药学
10860231,药学
9860126,药学
10860301,药学
10860302,药学
10860303,药学
10860304,药学
10860305,药学
10860306,药学
10860307,药学
10860308,药学
10860309,药学
10860310,药学
10860311,药学
10860312,药学
10860313,药学
10860314,药学
10860315,药学
10860316,药学
10860317,药学
10860318,药学
10860319,药学
10860320,药学
10860321,药学
10860322,药学
10860323,药学
10860324,药学
10860325,药学
10860326,药学
10860327,药学
10860328,药学
10860329,药学
10860330,药学
10860331,药学
10860332,药学
10860333,药学
10860401,药学
10860402,药学
10860403,药学
10860404,药学
10860405,药学
10860406,药学
10860407,药学
10860408,药学
10860409,药学
10860410,药学
10860412,药学
10860413,药学
10860414,药学
10860415,药学
10860416,药学
10860417,药学
10860418,药学
10860419,药学
10860420,药学
10860421,药学
10860422,药学
10860423,药学
10860424,药学
10860425,药学
10860426,药学
10860427,药学
10860428,药学
10860429,药学
10860430,药学
10860502,药学
10860503,药学
10860504,药学
10860505,药学
10860506,药学
10860507,药学
10860508,药学
10860509,药学
10860510,药学
10860511,药学
10860512,药学
10860513,药学
10860514,药学
10860515,药学
10860516,药学
10860517,药学
10860518,药学
10860519,药学
10860521,药学
10860522,药学
10860524,药学
10860525,药学
10860526,药学
10860601,药学
10860602,药学
10860603,药学
10860604,药学
10860605,药学
10860606,药学
10860607,药学
10860608,药学
10860610,药学
10860611,药学
10860612,药学
10860614,药学
10860615,药学
10860616,药学
10860617,药学
10860618,药学
10860619,药学
10860620,药学
10860621,药学
10860622,药学
10860623,药学
10860624,药学
9860305,药学
9860313,药学
9860316,药学
9860318,药学
9860326,药学
10830101,护理学
10830102,护理学
10830103,护理学
10830104,护理学
10830105,护理学
10830106,护理学
10830107,护理学
10830108,护理学
10830109,护理学
10830110,护理学
10830111,护理学
10830112,护理学
10830113,护理学
10830114,护理学
10830115,护理学
10830116,护理学
10830117,护理学
10830118,护理学
10830119,护理学
10830120,护理学
10830121,护理学
10830122,护理学
10830123,护理学
10830124,护理学
10830125,护理学
10830126,护理学
10830127,护理学
10830128,护理学
10830129,护理学
10830130,护理学
10830131,护理学
10830132,护理学
10830133,护理学
10830134,护理学
10830135,护理学
10830201,护理学
10830202,护理学
10830204,护理学
10830205,护理学
10830206,护理学
10830207,护理学
10830208,护理学
10830209,护理学
10830210,护理学
10830211,护理学
10830212,护理学
10830213,护理学
10830214,护理学
10830215,护理学
10830216,护理学
10830217,护理学
10830218,护理学
10830219,护理学
10830220,护理学
10830221,护理学
10830222,护理学
10830223,护理学
10830224,护理学
10830226,护理学
10830228,护理学
10830229,护理学
10830230,护理学
10830231,护理学
10830232,护理学
10830233,护理学
10810324,护理学
10830301,护理学
10830302,护理学
10830303,护理学
10830305,护理学
10830306,护理学
10830307,护理学
10830308,护理学
10830310,护理学
10830312,护理学
10830313,护理学
10830314,护理学
10830315,护理学
10830316,护理学
10830317,护理学
10830318,护理学
10830319,护理学
10830320,护理学
10830321,护理学
10830322,护理学
10830323,护理学
10830324,护理学
10830325,护理学
10830326,护理学
10830327,护理学
10830328,护理学
10830329,护理学
10830330,护理学
10830331,护理学
10830332,护理学
10830333,护理学
10830334,护理学
9830303,护理学
9830430,护理学
10830401,护理学
10830402,护理学
10830403,护理学
10830404,护理学
10830405,护理学
10830406,护理学
10830407,护理学
10830408,护理学
10830409,护理学
10830410,护理学
10830411,护理学
10830412,护理学
10830413,护理学
10830414,护理学
10830415,护理学
10830416,护理学
10830417,护理学
10830418,护理学
10830419,护理学
10830420,护理学
10830421,护理学
10830422,护理学
10830423,护理学
10830424,护理学
10830425,护理学
10830426,护理学
10830427,护理学
10830428,护理学
10830429,护理学
10830430,护理学
10830501,护理学
10830502,护理学
10830503,护理学
10830504,护理学
10830505,护理学
10830506,护理学
10830507,护理学
10830508,护理学
10830509,护理学
10830510,护理学
10830511,护理学
10830512,护理学
10830513,护理学
10830514,护理学
10830515,护理学
10830516,护理学
10830517,护理学
10830518,护理学
10830519,护理学
10830520,护理学
10830521,护理学
10830522,护理学
10830523,护理学
10830524,护理学
10830525,护理学
10830526,护理学
10830527,护理学
10830528,护理学
10830530,护理学
10830601,护理学
10830602,护理学
10830603,护理学
10830604,护理学
10830605,护理学
10830606,护理学
10830607,护理学
10830608,护理学
10830609,护理学
10830610,护理学
10830612,护理学
10830613,护理学
10830614,护理学
10830615,护理学
10830616,护理学
10830617,护理学
10830618,护理学
10830619,护理学
10830620,护理学
10830621,护理学
10830622,护理学
10830623,护理学
10830624,护理学
10830625,护理学
10830626,护理学
10830627,护理学
10830628,护理学
10830629,护理学
10830630,护理学
10830631,护理学
10830701,护理学
10830702,护理学
10830703,护理学
10830704,护理学
10830705,护理学
10830706,护理学
10830707,护理学
10830708,护理学
10830709,护理学
10830711,护理学
10830713,护理学
10830714,护理学
10830715,护理学
10830716,护理学
10830717,护理学
10830718,护理学
10830720,护理学
10830721,护理学
10830722,护理学
10830723,护理学
10830724,护理学
10830726,护理学
9830909,护理学
9830925,护理学
10830801,护理学
10830803,护理学
10830804,护理学
10830805,护理学
10830806,护理学
10830807,护理学
10830808,护理学
10830809,护理学
10830810,护理学
10830811,护理学
10830812,护理学
10830813,护理学
10830814,护理学
10830815,护理学
10830816,护理学
10830817,护理学
10830819,护理学
10830820,护理学
10830821,护理学
10830822,护理学
10830824,护理学
10830825,护理学
10830826,护理学
10830827,护理学
10830828,护理学
10840102,公共事业管理
10840103,公共事业管理
10840104,公共事业管理
10840105,公共事业管理
10840106,公共事业管理
10840107,公共事业管理
10840109,公共事业管理
10840110,公共事业管理
10840111,公共事业管理
10840112,公共事业管理
10840113,公共事业管理
10840114,公共事业管理
10840117,公共事业管理
10840118,公共事业管理
10840119,公共事业管理
10840121,公共事业管理
10840123,公共事业管理
10840124,公共事业管理
10840125,公共事业管理
10840126,公共事业管理
10840127,公共事业管理
10840128,公共事业管理
10840130,公共事业管理
10840131,公共事业管理
10840202,公共事业管理
10840203,公共事业管理
10840205,公共事业管理
10840206,公共事业管理
10840207,公共事业管理
10840208,公共事业管理
10840209,公共事业管理
10840210,公共事业管理
10840211,公共事业管理
10840212,公共事业管理
10840213,公共事业管理
10840215,公共事业管理
10840216,公共事业管理
10840217,公共事业管理
10840218,公共事业管理
10840219,公共事业管理
10840220,公共事业管理
10840221,公共事业管理
10840222,公共事业管理
10840223,公共事业管理
10840224,公共事业管理
10840226,公共事业管理
10840227,公共事业管理
10840228,公共事业管理
10840229,公共事业管理
9840208,公共事业管理
10840301,公共事业管理
10840303,公共事业管理
10840304,公共事业管理
10840305,公共事业管理
10840306,公共事业管理
10840308,公共事业管理
10840309,公共事业管理
10840311,公共事业管理
10840312,公共事业管理
10840313,公共事业管理
10840314,公共事业管理
10840315,公共事业管理
10840316,公共事业管理
10840317,公共事业管理
10840319,公共事业管理
10840320,公共事业管理
10840321,公共事业管理
10840322,公共事业管理
9840304,公共事业管理
10840401,公共事业管理
10840403,公共事业管理
10840404,公共事业管理
10840405,公共事业管理
10840406,公共事业管理
10840407,公共事业管理
10840408,公共事业管理
10840409,公共事业管理
10840410,公共事业管理
10840411,公共事业管理
10840414,公共事业管理
10840415,公共事业管理
10840416,公共事业管理
10840417,公共事业管理
10840418,公共事业管理
10840419,公共事业管理
10840420,公共事业管理
10840421,公共事业管理
10840422,公共事业管理
10840423,公共事业管理
10840424,公共事业管理
10840425,公共事业管理
10840427,公共事业管理
10840428,公共事业管理
10840429,公共事业管理
10840430,公共事业管理
10840431,公共事业管理
10820120,公共事业管理
9840405,公共事业管理
11880101,临床医学
11880102,临床医学
11880103,临床医学
11880104,临床医学
11880105,临床医学
11880106,临床医学
11880107,临床医学
11880108,临床医学
11880109,临床医学
11880110,临床医学
11880111,临床医学
11880112,临床医学
11880113,临床医学
11880114,临床医学
11880116,临床医学
11880118,临床医学
11880119,临床医学
11880120,临床医学
11880121,临床医学
11880122,临床医学
11880123,临床医学
11880124,临床医学
11880125,临床医学
11880128,临床医学
11880129,临床医学
11880133,临床医学
10880114,临床医学
10880129,临床医学
11880201,临床医学
11880202,临床医学
11880203,临床医学
11880204,临床医学
11880205,临床医学
11880206,临床医学
11880207,临床医学
11880208,临床医学
11880209,临床医学
11880210,临床医学
11880211,临床医学
11880212,临床医学
11880213,临床医学
11880214,临床医学
11880216,临床医学
11880217,临床医学
11880218,临床医学
11880219,临床医学
11880220,临床医学
11880221,临床医学
11880223,临床医学
11880224,临床医学
11880226,临床医学
11880228,临床医学
11880231,临床医学
11880234,临床医学
10880219,临床医学
8880411,临床医学
8880315,临床医学
11880301,临床医学
11880302,临床医学
11880303,临床医学
11880304,临床医学
11880311,临床医学
11880312,临床医学
11880313,临床医学
11880316,临床医学
11880318,临床医学
11880319,临床医学
11880320,临床医学
11880321,临床医学
11880322,临床医学
11880323,临床医学
11880324,临床医学
11880325,临床医学
11880326,临床医学
11880327,临床医学
11880328,临床医学
11880329,临床医学
11880330,临床医学
11880332,临床医学
11880333,临床医学
11880334,临床医学
9880311,临床医学
11880115,临床医学
11880117,临床医学
11880126,临床医学
11880127,临床医学
11880130,临床医学
11880131,临床医学
11880132,临床医学
11880134,临床医学
11880215,临床医学
11880222,临床医学
11880225,临床医学
11880227,临床医学
11880229,临床医学
11880230,临床医学
11880232,临床医学
11880233,临床医学
11880306,临床医学
11880307,临床医学
11880308,临床医学
11880309,临床医学
11880310,临床医学
11880317,临床医学
11880331,临床医学
11810102,临床医学（全科方向）
11810103,临床医学（全科方向）
11810104,临床医学（全科方向）
11810105,临床医学（全科方向）
11810106,临床医学（全科方向）
11810107,临床医学（全科方向）
11810108,临床医学（全科方向）
11810109,临床医学（全科方向）
11810110,临床医学（全科方向）
11810111,临床医学（全科方向）
11810112,临床医学（全科方向）
11810113,临床医学（全科方向）
11810114,临床医学（全科方向）
11810115,临床医学（全科方向）
11810117,临床医学（全科方向）
11810118,临床医学（全科方向）
11810119,临床医学（全科方向）
11810121,临床医学（全科方向）
11810122,临床医学（全科方向）
11810123,临床医学（全科方向）
11810124,临床医学（全科方向）
11810125,临床医学（全科方向）
11810126,临床医学（全科方向）
11810127,临床医学（全科方向）
11810128,临床医学（全科方向）
11810129,临床医学（全科方向）
11810130,临床医学（全科方向）
11810131,临床医学（全科方向）
11810132,临床医学（全科方向）
10810111,临床医学（全科方向）
10810114,临床医学（全科方向）
9810508,临床医学（全科方向）
9810116,临床医学（全科方向）
11810201,临床医学（全科方向）
11810202,临床医学（全科方向）
11810203,临床医学（全科方向）
11810204,临床医学（全科方向）
11810205,临床医学（全科方向）
11810206,临床医学（全科方向）
11810207,临床医学（全科方向）
11810208,临床医学（全科方向）
11810209,临床医学（全科方向）
11810211,临床医学（全科方向）
11810212,临床医学（全科方向）
11810213,临床医学（全科方向）
11810215,临床医学（全科方向）
11810216,临床医学（全科方向）
11810217,临床医学（全科方向）
11810218,临床医学（全科方向）
11810219,临床医学（全科方向）
11810220,临床医学（全科方向）
11810221,临床医学（全科方向）
11810223,临床医学（全科方向）
11810224,临床医学（全科方向）
11810225,临床医学（全科方向）
11810226,临床医学（全科方向）
11810227,临床医学（全科方向）
11810228,临床医学（全科方向）
11810229,临床医学（全科方向）
11810231,临床医学（全科方向）
11810232,临床医学（全科方向）
11810233,临床医学（全科方向）
10810312,临床医学（全科方向）
10810408,临床医学（全科方向）
10810410,临床医学（全科方向）
11810301,临床医学（全科方向）
11810304,临床医学（全科方向）
11810305,临床医学（全科方向）
11810306,临床医学（全科方向）
11810307,临床医学（全科方向）
11810308,临床医学（全科方向）
11810309,临床医学（全科方向）
11810310,临床医学（全科方向）
11810312,临床医学（全科方向）
11810313,临床医学（全科方向）
11810314,临床医学（全科方向）
11810315,临床医学（全科方向）
11810316,临床医学（全科方向）
11810317,临床医学（全科方向）
11810318,临床医学（全科方向）
11810319,临床医学（全科方向）
11810320,临床医学（全科方向）
11810322,临床医学（全科方向）
11810323,临床医学（全科方向）
11810324,临床医学（全科方向）
11810325,临床医学（全科方向）
11810326,临床医学（全科方向）
11810327,临床医学（全科方向）
11810328,临床医学（全科方向）
11810329,临床医学（全科方向）
11810330,临床医学（全科方向）
11810331,临床医学（全科方向）
11810333,临床医学（全科方向）
10810506,临床医学（全科方向）
10810510,临床医学（全科方向）
9810431,临床医学（全科方向）
9810307,临床医学（全科方向）
11890101,预防医学
11890102,预防医学
11890103,预防医学
11890104,预防医学
11890105,预防医学
11890106,预防医学
11890107,预防医学
11890108,预防医学
11890109,预防医学
11890111,预防医学
11890112,预防医学
11890113,预防医学
11890114,预防医学
11890115,预防医学
11890116,预防医学
11890117,预防医学
11890118,预防医学
11890119,预防医学
11890120,预防医学
11890121,预防医学
11890123,预防医学
11890124,预防医学
11890125,预防医学
11890126,预防医学
11890127,预防医学
11890128,预防医学
11890129,预防医学
11890130,预防医学
11900102,生物医学工程
11900104,生物医学工程
11900105,生物医学工程
11900107,生物医学工程
11900109,生物医学工程
11900110,生物医学工程
11900111,生物医学工程
11900112,生物医学工程
11900113,生物医学工程
11900114,生物医学工程
11900116,生物医学工程
11900117,生物医学工程
11900118,生物医学工程
11900119,生物医学工程
11900120,生物医学工程
11900122,生物医学工程
11900123,生物医学工程
11900124,生物医学工程
11900125,生物医学工程
11900126,生物医学工程
11900127,生物医学工程
10900109,生物医学工程
10900110,生物医学工程
11910101,眼视光学
11910102,眼视光学
11910103,眼视光学
11910105,眼视光学
11910106,眼视光学
11910108,眼视光学
11910110,眼视光学
11910111,眼视光学
11910112,眼视光学
11910114,眼视光学
11910117,眼视光学
11910118,眼视光学
11910119,眼视光学
11910120,眼视光学
11910121,眼视光学
11910124,眼视光学
11820101,医学影像学
11820102,医学影像学
11820103,医学影像学
11820105,医学影像学
11820106,医学影像学
11820107,医学影像学
11820108,医学影像学
11820110,医学影像学
11820111,医学影像学
11820112,医学影像学
11830715,医学影像学
11820114,医学影像学
11820115,医学影像学
11820116,医学影像学
11820117,医学影像学
11820118,医学影像学
11820119,医学影像学
11820120,医学影像学
11820121,医学影像学
11820122,医学影像学
11820123,医学影像学
11820124,医学影像学
11820125,医学影像学
11820126,医学影像学
11820127,医学影像学
11820128,医学影像学
11820129,医学影像学
11820130,医学影像学
11820131,医学影像学
11820132,医学影像学
11820201,医学影像学
11820202,医学影像学
11820203,医学影像学
11820204,医学影像学
11820205,医学影像学
11820206,医学影像学
11820207,医学影像学
11820208,医学影像学
11820209,医学影像学
11820210,医学影像学
11820211,医学影像学
11820212,医学影像学
11820213,医学影像学
11820214,医学影像学
11820215,医学影像学
11820216,医学影像学
11820217,医学影像学
11820218,医学影像学
11820219,医学影像学
11820220,医学影像学
11820221,医学影像学
11820222,医学影像学
11820301,医学影像学
11820302,医学影像学
11820303,医学影像学
11820304,医学影像学
11820305,医学影像学
11820306,医学影像学
11820307,医学影像学
11820308,医学影像学
11820309,医学影像学
11820310,医学影像学
11820311,医学影像学
11820312,医学影像学
11820313,医学影像学
11820314,医学影像学
11820315,医学影像学
11820316,医学影像学
11820317,医学影像学
11820318,医学影像学
11820319,医学影像学
11820320,医学影像学
11820321,医学影像学
11860101,药学
11860103,药学
11860104,药学
11860105,药学
11860106,药学
11860107,药学
11860110,药学
11860111,药学
11860112,药学
11860113,药学
11860114,药学
11860115,药学
11860116,药学
11860117,药学
11860118,药学
11860119,药学
11860120,药学
11860121,药学
11860122,药学
11860124,药学
11860125,药学
11860126,药学
11860127,药学
11860128,药学
11860129,药学
11860130,药学
11860133,药学
11860134,药学
11860135,药学
10860202,药学
10860210,药学
11860201,药学
11860202,药学
11860203,药学
11860204,药学
11860205,药学
11860207,药学
11860208,药学
11860209,药学
11860210,药学
11860211,药学
11860212,药学
11860213,药学
11860214,药学
11860215,药学
11860217,药学
11860218,药学
11860219,药学
11860220,药学
11860221,药学
11860222,药学
11860223,药学
11860225,药学
11860226,药学
11860227,药学
11860228,药学
11860229,药学
11860230,药学
11860231,药学
11860233,药学
11860234,药学
11860235,药学
11860301,药学
11860302,药学
11860303,药学
11860304,药学
11860305,药学
11860306,药学
11860307,药学
11860308,药学
11860309,药学
11860310,药学
11860311,药学
11860312,药学
11860313,药学
11860314,药学
11860315,药学
11860316,药学
11860317,药学
11860318,药学
11860319,药学
11860320,药学
11860321,药学
11860322,药学
11860323,药学
11860324,药学
11860325,药学
11860326,药学
11860327,药学
11860328,药学
11860329,药学
11860330,药学
11860331,药学
11860332,药学
11860401,药学
11860402,药学
11860403,药学
11860404,药学
11860405,药学
11860406,药学
11860407,药学
11860408,药学
11860409,药学
11860410,药学
11860411,药学
11860412,药学
11860413,药学
11860414,药学
11860415,药学
11860416,药学
11860417,药学
11860418,药学
11860419,药学
11860421,药学
11860422,药学
11860423,药学
11860424,药学
11860425,药学
11860426,药学
11860427,药学
11860428,药学
11860429,药学
11860430,药学
11860431,药学
11860432,药学
11860501,药学
11860502,药学
11860503,药学
11860504,药学
11860505,药学
11860506,药学
11860507,药学
11860508,药学
11860509,药学
11860510,药学
11860511,药学
11860512,药学
11860513,药学
11860514,药学
11860515,药学
11860516,药学
11860517,药学
11860518,药学
11860519,药学
11860520,药学
11860521,药学
11860522,药学
11860523,药学
11860524,药学
11860525,药学
11860526,药学
11860527,药学
11860528,药学
11860529,药学
11860530,药学
11860531,药学
11860532,药学
11860533,药学
11860601,药学
11860602,药学
11860603,药学
11860604,药学
11860605,药学
11860606,药学
11860607,药学
11860608,药学
11860609,药学
11860610,药学
11860611,药学
11860612,药学
11860613,药学
11860614,药学
11860615,药学
11860616,药学
11860617,药学
11860618,药学
11860619,药学
11860620,药学
11860621,药学
11860622,药学
11860623,药学
11860624,药学
11860625,药学
11860626,药学
11860627,药学
11860628,药学
11860629,药学
11860630,药学
11860631,药学
11860632,药学
11860701,药学
11860702,药学
11860703,药学
11860704,药学
11860705,药学
11860706,药学
11860707,药学
11860708,药学
11860709,药学
11860710,药学
11860711,药学
11860712,药学
11860713,药学
11860714,药学
11860715,药学
11860716,药学
11860717,药学
11860718,药学
11860719,药学
11860720,药学
11860721,药学
11860722,药学
11860723,药学
11860724,药学
11860725,药学
11860726,药学
11860727,药学
11860728,药学
11860729,药学
11860730,药学
11860731,药学
11860732,药学
11830101,护理学
11830102,护理学
11830103,护理学
11830104,护理学
11830105,护理学
11830107,护理学
11830108,护理学
11830109,护理学
11830110,护理学
11830111,护理学
11830112,护理学
11830113,护理学
11830114,护理学
11830115,护理学
11830116,护理学
11830117,护理学
11830118,护理学
11830119,护理学
11830120,护理学
11830121,护理学
11830122,护理学
11830123,护理学
11830124,护理学
11830125,护理学
11830126,护理学
11830127,护理学
11830128,护理学
11830129,护理学
11830130,护理学
11830131,护理学
11830132,护理学
11830133,护理学
11830134,护理学
11840611,护理学
11830201,护理学
11830202,护理学
11830203,护理学
11830204,护理学
11830205,护理学
11830206,护理学
11830207,护理学
11830208,护理学
11830209,护理学
11830210,护理学
11830211,护理学
11830212,护理学
11830213,护理学
11830214,护理学
11830215,护理学
11830216,护理学
11830217,护理学
11830219,护理学
11830220,护理学
11830221,护理学
11830222,护理学
11830223,护理学
11830224,护理学
11830225,护理学
11830226,护理学
11830227,护理学
11830228,护理学
11830229,护理学
11830230,护理学
11830231,护理学
11830232,护理学
11830233,护理学
11830234,护理学
10830225,护理学
10830234,护理学
11830301,护理学
11830302,护理学
11830303,护理学
11830304,护理学
11830305,护理学
11830306,护理学
11830307,护理学
11830308,护理学
11830309,护理学
11830310,护理学
11830311,护理学
11830312,护理学
11830313,护理学
11830314,护理学
11830315,护理学
11830316,护理学
11830317,护理学
11830318,护理学
11830319,护理学
11830320,护理学
11830321,护理学
11830322,护理学
11830323,护理学
11830324,护理学
11830325,护理学
11830326,护理学
11830327,护理学
11830328,护理学
11830329,护理学
11830330,护理学
11830331,护理学
11830332,护理学
11830333,护理学
10830304,护理学
9830202,护理学
11830401,护理学
11830402,护理学
11830403,护理学
11830404,护理学
11830405,护理学
11830406,护理学
11830407,护理学
11830408,护理学
11830409,护理学
11830410,护理学
11830411,护理学
11830412,护理学
11830413,护理学
11830414,护理学
11830415,护理学
11830416,护理学
11830417,护理学
11830418,护理学
11830419,护理学
11830420,护理学
11830421,护理学
11830422,护理学
11830423,护理学
11830424,护理学
11830425,护理学
11830426,护理学
11830427,护理学
11830428,护理学
11830429,护理学
11830430,护理学
11830501,护理学
11830502,护理学
11830503,护理学
11830504,护理学
11830505,护理学
11830506,护理学
11830507,护理学
11830508,护理学
11830509,护理学
11830510,护理学
11830511,护理学
11830513,护理学
11830514,护理学
11830515,护理学
11830516,护理学
11830517,护理学
11830519,护理学
11830521,护理学
11830522,护理学
11830523,护理学
11830524,护理学
11830525,护理学
11830526,护理学
11830527,护理学
11830528,护理学
11830529,护理学
11830601,护理学
11830602,护理学
11830603,护理学
11830604,护理学
11830605,护理学
11830606,护理学
11830607,护理学
11830608,护理学
11830609,护理学
11830610,护理学
11830611,护理学
11830612,护理学
11830613,护理学
11830614,护理学
11830615,护理学
11830616,护理学
11830617,护理学
11830618,护理学
11830619,护理学
11830620,护理学
11830621,护理学
11830622,护理学
11830623,护理学
11830624,护理学
11830625,护理学
11830626,护理学
11830627,护理学
11830628,护理学
11830629,护理学
11830701,护理学
11830702,护理学
11830703,护理学
11830704,护理学
11830705,护理学
11830706,护理学
11830707,护理学
11830708,护理学
11830709,护理学
11830710,护理学
11830711,护理学
11830712,护理学
11830713,护理学
11830714,护理学
11830716,护理学
11830717,护理学
11830718,护理学
11830719,护理学
11830720,护理学
11830721,护理学
11830722,护理学
11830723,护理学
11830724,护理学
11830725,护理学
11830726,护理学
11830727,护理学
11830728,护理学
11830729,护理学
11830801,护理学
11830802,护理学
11830803,护理学
11830804,护理学
11830806,护理学
11830807,护理学
11830808,护理学
11830810,护理学
11830812,护理学
11830813,护理学
11830814,护理学
11830815,护理学
11830817,护理学
11830818,护理学
11830820,护理学
11830822,护理学
11830823,护理学
11830824,护理学
11830826,护理学
11830829,护理学
11830830,护理学
11830831,护理学
11830832,护理学
11830902,护理学
11830903,护理学
11830904,护理学
11830905,护理学
11830906,护理学
11830907,护理学
11830910,护理学
11830912,护理学
11830913,护理学
11830915,护理学
11830917,护理学
11830919,护理学
11830921,护理学
11830924,护理学
11830925,护理学
11830926,护理学
11830927,护理学
11830928,护理学
11830929,护理学
11830930,护理学
11830931,护理学
11830932,护理学
11840101,医疗保险专业
11840102,医疗保险专业
11840104,医疗保险专业
11840105,医疗保险专业
11840106,医疗保险专业
11840107,医疗保险专业
11840108,医疗保险专业
11840109,医疗保险专业
11840110,医疗保险专业
11840112,医疗保险专业
11840113,医疗保险专业
11840114,医疗保险专业
11840115,医疗保险专业
11840116,医疗保险专业
11840117,医疗保险专业
11840118,医疗保险专业
11840119,医疗保险专业
11840120,医疗保险专业
11840121,医疗保险专业
11840123,医疗保险专业
11840124,医疗保险专业
11840125,医疗保险专业
11840127,医疗保险专业
11840128,医疗保险专业
10830227,医疗保险专业
11840201,健康教育与媒体传播专业
11840202,健康教育与媒体传播专业
11840204,健康教育与媒体传播专业
11840205,健康教育与媒体传播专业
11840206,健康教育与媒体传播专业
11840207,健康教育与媒体传播专业
11840208,健康教育与媒体传播专业
11840209,健康教育与媒体传播专业
11840210,健康教育与媒体传播专业
11840211,健康教育与媒体传播专业
11840212,健康教育与媒体传播专业
11840213,健康教育与媒体传播专业
11840214,健康教育与媒体传播专业
11840215,健康教育与媒体传播专业
11840216,健康教育与媒体传播专业
11840217,健康教育与媒体传播专业
11840218,健康教育与媒体传播专业
11840220,健康教育与媒体传播专业
11840221,健康教育与媒体传播专业
11840222,健康教育与媒体传播专业
11840223,健康教育与媒体传播专业
10810229,健康教育与媒体传播专业
11840501,卫生事业管理专业
11840502,卫生事业管理专业
11840503,卫生事业管理专业
11840505,卫生事业管理专业
11840506,卫生事业管理专业
11840507,卫生事业管理专业
11840508,卫生事业管理专业
11840509,卫生事业管理专业
11840510,卫生事业管理专业
11840511,卫生事业管理专业
11840512,卫生事业管理专业
11840513,卫生事业管理专业
11840514,卫生事业管理专业
11840515,卫生事业管理专业
11840516,卫生事业管理专业
11840517,卫生事业管理专业
11840518,卫生事业管理专业
11840519,卫生事业管理专业
11840520,卫生事业管理专业
11840522,卫生事业管理专业
11840523,卫生事业管理专业
11840524,卫生事业管理专业
11840525,卫生事业管理专业
11840526,卫生事业管理专业
11840527,卫生事业管理专业
11840528,卫生事业管理专业
11840601,医药贸易与管理专业
11840602,医药贸易与管理专业
11840603,医药贸易与管理专业
11840604,医药贸易与管理专业
11840605,医药贸易与管理专业
11840606,医药贸易与管理专业
11840607,医药贸易与管理专业
11840608,医药贸易与管理专业
11840609,医药贸易与管理专业
11840610,医药贸易与管理专业
11840612,医药贸易与管理专业
11840613,医药贸易与管理专业
11840614,医药贸易与管理专业
11840615,医药贸易与管理专业
11840616,医药贸易与管理专业
11840617,医药贸易与管理专业
11840618,医药贸易与管理专业
11840619,医药贸易与管理专业
11840620,医药贸易与管理专业
11840621,医药贸易与管理专业
11840622,医药贸易与管理专业
11840623,医药贸易与管理专业
11840625,医药贸易与管理专业
12880101,临床医学
12880102,临床医学
12880103,临床医学
12880104,临床医学
12880105,临床医学
12880106,临床医学
12880107,临床医学
12880108,临床医学
12880109,临床医学
12880110,临床医学
12880111,临床医学
12880112,临床医学
12880113,临床医学
12880114,临床医学
12880115,临床医学
12880116,临床医学
12880117,临床医学
12880118,临床医学
12880119,临床医学
12880120,临床医学
12880121,临床医学
12880122,临床医学
12880123,临床医学
12880124,临床医学
12880125,临床医学
12880126,临床医学
12880127,临床医学
12880128,临床医学
12880129,临床医学
12880130,临床医学
12880131,临床医学
12880132,临床医学
12880133,临床医学
12880134,临床医学
12880135,临床医学
12880136,临床医学
12880137,临床医学
12880138,临床医学
12880201,临床医学
12880202,临床医学
12880203,临床医学
12880204,临床医学
12880205,临床医学
12880206,临床医学
12880207,临床医学
12880208,临床医学
12880209,临床医学
12880210,临床医学
12880211,临床医学
12880212,临床医学
12880213,临床医学
12880214,临床医学
12880215,临床医学
12880216,临床医学
12880217,临床医学
12880218,临床医学
12880219,临床医学
12880220,临床医学
12880221,临床医学
12880222,临床医学
12880223,临床医学
12880224,临床医学
12880225,临床医学
12880226,临床医学
12880227,临床医学
12880228,临床医学
12880229,临床医学
12880230,临床医学
12880231,临床医学
12880232,临床医学
12880233,临床医学
12880234,临床医学
12880235,临床医学
12880236,临床医学
12880237,临床医学
12880238,临床医学
12880302,临床医学
12880304,临床医学
12880305,临床医学
12880306,临床医学
12880307,临床医学
12880308,临床医学
12880309,临床医学
12880310,临床医学
12880311,临床医学
12880312,临床医学
12880313,临床医学
12880314,临床医学
12880315,临床医学
12880316,临床医学
12880317,临床医学
12880318,临床医学
12880319,临床医学
12880320,临床医学
12880321,临床医学
12880322,临床医学
12880323,临床医学
12880324,临床医学
12880337,临床医学
12880325,临床医学
12880326,临床医学
12880327,临床医学
12880328,临床医学
12880329,临床医学
12880330,临床医学
12880331,临床医学
12880332,临床医学
12880333,临床医学
12880334,临床医学
12880335,临床医学
12880336,临床医学
12880338,临床医学
12810101,临床医学（全科方向）
12810102,临床医学（全科方向）
12810103,临床医学（全科方向）
12810104,临床医学（全科方向）
12810105,临床医学（全科方向）
12810106,临床医学（全科方向）
12810107,临床医学（全科方向）
12810108,临床医学（全科方向）
12810109,临床医学（全科方向）
12810110,临床医学（全科方向）
12810111,临床医学（全科方向）
12810112,临床医学（全科方向）
12810114,临床医学（全科方向）
12810115,临床医学（全科方向）
12810116,临床医学（全科方向）
12810117,临床医学（全科方向）
12810118,临床医学（全科方向）
12810119,临床医学（全科方向）
12810120,临床医学（全科方向）
12810121,临床医学（全科方向）
12810122,临床医学（全科方向）
12810123,临床医学（全科方向）
12810124,临床医学（全科方向）
12810125,临床医学（全科方向）
12810126,临床医学（全科方向）
12810127,临床医学（全科方向）
12810128,临床医学（全科方向）
12810129,临床医学（全科方向）
12810130,临床医学（全科方向）
12810131,临床医学（全科方向）
12810132,临床医学（全科方向）
12810201,临床医学（全科方向）
12810202,临床医学（全科方向）
12810203,临床医学（全科方向）
12810204,临床医学（全科方向）
12810205,临床医学（全科方向）
12810206,临床医学（全科方向）
12810207,临床医学（全科方向）
12810208,临床医学（全科方向）
12810209,临床医学（全科方向）
12810210,临床医学（全科方向）
12810211,临床医学（全科方向）
12810212,临床医学（全科方向）
12810213,临床医学（全科方向）
11810101,临床医学（全科方向）
12810214,临床医学（全科方向）
12810216,临床医学（全科方向）
12810217,临床医学（全科方向）
12810218,临床医学（全科方向）
12810220,临床医学（全科方向）
12810221,临床医学（全科方向）
12810222,临床医学（全科方向）
12810223,临床医学（全科方向）
12810224,临床医学（全科方向）
12810225,临床医学（全科方向）
12810226,临床医学（全科方向）
12810227,临床医学（全科方向）
12810228,临床医学（全科方向）
12810229,临床医学（全科方向）
12810230,临床医学（全科方向）
12810231,临床医学（全科方向）
12810232,临床医学（全科方向）
12810301,临床医学（全科方向）
12810302,临床医学（全科方向）
12810303,临床医学（全科方向）
12810305,临床医学（全科方向）
12810306,临床医学（全科方向）
12810307,临床医学（全科方向）
12810308,临床医学（全科方向）
12810309,临床医学（全科方向）
12810310,临床医学（全科方向）
12810311,临床医学（全科方向）
12810312,临床医学（全科方向）
12810313,临床医学（全科方向）
12810314,临床医学（全科方向）
12810315,临床医学（全科方向）
12810316,临床医学（全科方向）
12810317,临床医学（全科方向）
12810318,临床医学（全科方向）
12810319,临床医学（全科方向）
12810320,临床医学（全科方向）
12810321,临床医学（全科方向）
12810322,临床医学（全科方向）
12810323,临床医学（全科方向）
12810324,临床医学（全科方向）
12810325,临床医学（全科方向）
12810326,临床医学（全科方向）
12810327,临床医学（全科方向）
12810328,临床医学（全科方向）
12810329,临床医学（全科方向）
12810330,临床医学（全科方向）
12810331,临床医学（全科方向）
12830101,护理学
12830102,护理学
12830103,护理学
12830104,护理学
12830105,护理学
12830106,护理学
12830107,护理学
12830108,护理学
12830109,护理学
12830110,护理学
12830111,护理学
12830112,护理学
12830113,护理学
12830114,护理学
12830115,护理学
12830116,护理学
12830117,护理学
12830118,护理学
12830119,护理学
12830120,护理学
12830122,护理学
12830123,护理学
12830124,护理学
12830125,护理学
12830126,护理学
12830127,护理学
12830128,护理学
12830129,护理学
12830130,护理学
12830131,护理学
12830201,护理学
12830202,护理学
12830203,护理学
12830204,护理学
12830205,护理学
12830206,护理学
12830207,护理学
12830208,护理学
12830209,护理学
12830210,护理学
12830211,护理学
12830212,护理学
12830213,护理学
12830214,护理学
12830215,护理学
12830216,护理学
12830217,护理学
12830218,护理学
12830219,护理学
12830220,护理学
12830221,护理学
12830222,护理学
12830223,护理学
12830224,护理学
12830225,护理学
12830226,护理学
12830227,护理学
12830228,护理学
12830229,护理学
12830230,护理学
12830231,护理学
12830301,护理学
12830302,护理学
12830303,护理学
12830304,护理学
12830305,护理学
12830306,护理学
12830307,护理学
12830308,护理学
12830309,护理学
12830310,护理学
12830311,护理学
12830312,护理学
12830313,护理学
12830314,护理学
12830316,护理学
12830317,护理学
12830318,护理学
12830319,护理学
12830320,护理学
12830321,护理学
12830322,护理学
12830323,护理学
12830324,护理学
12830326,护理学
12830327,护理学
12830328,护理学
12830329,护理学
12830330,护理学
12830331,护理学
12860101,药学
12860102,药学
12860103,药学
12860104,药学
12860106,药学
12860107,药学
12860108,药学
12860109,药学
12860110,药学
12860111,药学
12860112,药学
12860114,药学
12860115,药学
12860116,药学
12860117,药学
12860118,药学
12860119,药学
12860120,药学
12860121,药学
12860122,药学
12860123,药学
12860124,药学
12860125,药学
12860126,药学
12860127,药学
12860128,药学
12860129,药学
12860130,药学
12860201,药学
12860202,药学
12860203,药学
12860204,药学
12860205,药学
12860206,药学
12860207,药学
12860208,药学
12860210,药学
12860211,药学
12860212,药学
12860213,药学
12860214,药学
12860215,药学
12860216,药学
12860217,药学
12860218,药学
12860219,药学
12860221,药学
12860222,药学
12860224,药学
12860225,药学
12860226,药学
12860227,药学
12860228,药学
12860229,药学
12900101,生物医学工程
12900103,生物医学工程
12900104,生物医学工程
12900105,生物医学工程
12900106,生物医学工程
12900107,生物医学工程
12900108,生物医学工程
12900109,生物医学工程
12900110,生物医学工程
12900111,生物医学工程
12900112,生物医学工程
12900113,生物医学工程
12900114,生物医学工程
12900115,生物医学工程
12900117,生物医学工程
12900118,生物医学工程
12900119,生物医学工程
12900120,生物医学工程
12900121,生物医学工程
12900122,生物医学工程
12910101,眼视光学
12910102,眼视光学
12910103,眼视光学
12910104,眼视光学
12910105,眼视光学
12910106,眼视光学
12910107,眼视光学
12910108,眼视光学
12910109,眼视光学
12910110,眼视光学
12910112,眼视光学
12910113,眼视光学
12910114,眼视光学
12910116,眼视光学
12910118,眼视光学
12910119,眼视光学
12910120,眼视光学
12910121,眼视光学
12910122,眼视光学
12910123,眼视光学
12910124,眼视光学
12910125,眼视光学
12910126,眼视光学
12910127,眼视光学
11910107,眼视光学
12820101,医学影像学
12820102,医学影像学
12820103,医学影像学
12820104,医学影像学
12820106,医学影像学
12820107,医学影像学
12820108,医学影像学
12820109,医学影像学
12820110,医学影像学
12820111,医学影像学
12820112,医学影像学
12820114,医学影像学
12820115,医学影像学
12820116,医学影像学
12820117,医学影像学
12820118,医学影像学
12820119,医学影像学
12820120,医学影像学
12820121,医学影像学
12820122,医学影像学
12820123,医学影像学
12820124,医学影像学
12820125,医学影像学
12820126,医学影像学
12820127,医学影像学
12820128,医学影像学
12820129,医学影像学
12890101,预防医学
12890102,预防医学
12890103,预防医学
12890104,预防医学
12890105,预防医学
12890106,预防医学
12890108,预防医学
12890110,预防医学
12890111,预防医学
12890112,预防医学
12890113,预防医学
12890114,预防医学
12890115,预防医学
12890116,预防医学
12890118,预防医学
12890119,预防医学
12890120,预防医学
12890121,预防医学
12890122,预防医学
12890123,预防医学
12890125,预防医学
12890126,预防医学
12890128,预防医学
12840101,公共事业管理（医疗保险方向）
12840102,公共事业管理（医疗保险方向）
12840103,公共事业管理（医疗保险方向）
12840104,公共事业管理（医疗保险方向）
12840105,公共事业管理（医疗保险方向）
12840106,公共事业管理（医疗保险方向）
12840107,公共事业管理（医疗保险方向）
12840108,公共事业管理（医疗保险方向）
12840109,公共事业管理（医疗保险方向）
12840110,公共事业管理（医疗保险方向）
12840111,公共事业管理（医疗保险方向）
12840112,公共事业管理（医疗保险方向）
12840113,公共事业管理（医疗保险方向）
12840114,公共事业管理（医疗保险方向）
12840115,公共事业管理（医疗保险方向）
12840116,公共事业管理（医疗保险方向）
12840118,公共事业管理（医疗保险方向）
12840119,公共事业管理（医疗保险方向）
12840120,公共事业管理（医疗保险方向）
12840123,公共事业管理（医疗保险方向）
12840124,公共事业管理（医疗保险方向）
12840201,公共事业管理（健康教育与媒体传播方向）
12840202,公共事业管理（健康教育与媒体传播方向）
12840203,公共事业管理（健康教育与媒体传播方向）
12840204,公共事业管理（健康教育与媒体传播方向）
12840205,公共事业管理（健康教育与媒体传播方向）
12840206,公共事业管理（健康教育与媒体传播方向）
12840207,公共事业管理（健康教育与媒体传播方向）
12840208,公共事业管理（健康教育与媒体传播方向）
12840209,公共事业管理（健康教育与媒体传播方向）
12840210,公共事业管理（健康教育与媒体传播方向）
12840212,公共事业管理（健康教育与媒体传播方向）
12840213,公共事业管理（健康教育与媒体传播方向）
12840214,公共事业管理（健康教育与媒体传播方向）
12840215,公共事业管理（健康教育与媒体传播方向）
12840216,公共事业管理（健康教育与媒体传播方向）
12840217,公共事业管理（健康教育与媒体传播方向）
12840219,公共事业管理（健康教育与媒体传播方向）
12840220,公共事业管理（健康教育与媒体传播方向）
12840221,公共事业管理（健康教育与媒体传播方向）
12840223,公共事业管理（健康教育与媒体传播方向）
12840224,公共事业管理（健康教育与媒体传播方向）
12840501,公共事业管理（卫生事业管理方向）
12840502,公共事业管理（卫生事业管理方向）
12840503,公共事业管理（卫生事业管理方向）
12840504,公共事业管理（卫生事业管理方向）
12840505,公共事业管理（卫生事业管理方向）
12840506,公共事业管理（卫生事业管理方向）
12840507,公共事业管理（卫生事业管理方向）
12840508,公共事业管理（卫生事业管理方向）
12840509,公共事业管理（卫生事业管理方向）
12840510,公共事业管理（卫生事业管理方向）
12840511,公共事业管理（卫生事业管理方向）
12840512,公共事业管理（卫生事业管理方向）
12840513,公共事业管理（卫生事业管理方向）
12840515,公共事业管理（卫生事业管理方向）
12840516,公共事业管理（卫生事业管理方向）
12840517,公共事业管理（卫生事业管理方向）
12840518,公共事业管理（卫生事业管理方向）
12840519,公共事业管理（卫生事业管理方向）
12840520,公共事业管理（卫生事业管理方向）
12840521,公共事业管理（卫生事业管理方向）
12840522,公共事业管理（卫生事业管理方向）
12840523,公共事业管理（卫生事业管理方向）
12840525,公共事业管理（卫生事业管理方向）
12840526,公共事业管理（卫生事业管理方向）
12840528,公共事业管理（卫生事业管理方向）
12840601,公共事业管理（医药贸易与管理方向）
12840602,公共事业管理（医药贸易与管理方向）
12840604,公共事业管理（医药贸易与管理方向）
12840605,公共事业管理（医药贸易与管理方向）
12840606,公共事业管理（医药贸易与管理方向）
12840608,公共事业管理（医药贸易与管理方向）
12840609,公共事业管理（医药贸易与管理方向）
12840610,公共事业管理（医药贸易与管理方向）
12840611,公共事业管理（医药贸易与管理方向）
12840612,公共事业管理（医药贸易与管理方向）
12840613,公共事业管理（医药贸易与管理方向）
12840614,公共事业管理（医药贸易与管理方向）
12840615,公共事业管理（医药贸易与管理方向）
12840616,公共事业管理（医药贸易与管理方向）
12840617,公共事业管理（医药贸易与管理方向）
12840618,公共事业管理（医药贸易与管理方向）
12840619,公共事业管理（医药贸易与管理方向）
12840620,公共事业管理（医药贸易与管理方向）
12840621,公共事业管理（医药贸易与管理方向）
12840623,公共事业管理（医药贸易与管理方向）
12840625,公共事业管理（医药贸易与管理方向）
12840626,公共事业管理（医药贸易与管理方向）
12840627,公共事业管理（医药贸易与管理方向）
11820109,医学影像学
10810502,临床医学（全科方向）
11880305,临床医学
11880314,临床医学
11880315,临床医学
11810120,临床医学（全科方向）
11810222,临床医学（全科方向）
11810230,临床医学（全科方向）
11810321,临床医学（全科方向）
11910104,眼视光学
11830106,护理学
11860108,药学
9880213,临床医学
9880307,临床医学
11810116,临床医学（全科方向）
13880101,临床医学
13880102,临床医学
13880103,临床医学
13880104,临床医学
13880105,临床医学
13880106,临床医学
13880107,临床医学
13880108,临床医学
13880109,临床医学
13880110,临床医学
13880111,临床医学
13880112,临床医学
13880113,临床医学
13880114,临床医学
13880115,临床医学
13880116,临床医学
13880117,临床医学
13880118,临床医学
13880119,临床医学
13880120,临床医学
13880121,临床医学
13880122,临床医学
13880123,临床医学
13880124,临床医学
13880125,临床医学
13880126,临床医学
13880127,临床医学
13880128,临床医学
13880129,临床医学
13880130,临床医学
13880131,临床医学
13880132,临床医学
13880133,临床医学
13880134,临床医学
13880135,临床医学
13880201,临床医学
13880202,临床医学
13880203,临床医学
13880204,临床医学
13880205,临床医学
13880206,临床医学
13880207,临床医学
13880208,临床医学
13880209,临床医学
13880210,临床医学
13880211,临床医学
13880212,临床医学
13880213,临床医学
13880214,临床医学
13880215,临床医学
13880216,临床医学
13880217,临床医学
13880218,临床医学
13880219,临床医学
13880220,临床医学
13880221,临床医学
13880222,临床医学
13880223,临床医学
13880224,临床医学
13880225,临床医学
13880226,临床医学
13880227,临床医学
13880228,临床医学
13880229,临床医学
13880230,临床医学
13880231,临床医学
13880232,临床医学
13880233,临床医学
13880234,临床医学
13880301,临床医学
13880302,临床医学
13880303,临床医学
13880304,临床医学
13880305,临床医学
13880306,临床医学
13880307,临床医学
13880308,临床医学
13880309,临床医学
13880310,临床医学
13880311,临床医学
13880312,临床医学
13880313,临床医学
13880314,临床医学
13880315,临床医学
13880316,临床医学
13880317,临床医学
13880318,临床医学
13880319,临床医学
13880320,临床医学
13880321,临床医学
13880322,临床医学
13880323,临床医学
13880324,临床医学
13880325,临床医学
13880326,临床医学
13880327,临床医学
13880328,临床医学
13880330,临床医学
13880331,临床医学
13880332,临床医学
13880333,临床医学
13880334,临床医学
13810101,临床医学（全科方向）
13810102,临床医学（全科方向）
13810103,临床医学（全科方向）
13810104,临床医学（全科方向）
13810105,临床医学（全科方向）
13810106,临床医学（全科方向）
13810107,临床医学（全科方向）
13810108,临床医学（全科方向）
13810109,临床医学（全科方向）
13810110,临床医学（全科方向）
13810111,临床医学（全科方向）
13810112,临床医学（全科方向）
13810113,临床医学（全科方向）
13810114,临床医学（全科方向）
13810115,临床医学（全科方向）
13810116,临床医学（全科方向）
13810117,临床医学（全科方向）
13810118,临床医学（全科方向）
13810119,临床医学（全科方向）
13810120,临床医学（全科方向）
13810121,临床医学（全科方向）
13810122,临床医学（全科方向）
13810123,临床医学（全科方向）
13810124,临床医学（全科方向）
13810125,临床医学（全科方向）
13810126,临床医学（全科方向）
13810127,临床医学（全科方向）
13810128,临床医学（全科方向）
13810129,临床医学（全科方向）
13810130,临床医学（全科方向）
13810131,临床医学（全科方向）
13810132,临床医学（全科方向）
13810133,临床医学（全科方向）
13810134,临床医学（全科方向）
13810136,临床医学（全科方向）
13810201,临床医学（全科方向）
13810202,临床医学（全科方向）
13810203,临床医学（全科方向）
13810204,临床医学（全科方向）
13810205,临床医学（全科方向）
13810206,临床医学（全科方向）
13810207,临床医学（全科方向）
13810208,临床医学（全科方向）
13810209,临床医学（全科方向）
13810210,临床医学（全科方向）
13810211,临床医学（全科方向）
13810212,临床医学（全科方向）
13810213,临床医学（全科方向）
13810214,临床医学（全科方向）
13810215,临床医学（全科方向）
13810216,临床医学（全科方向）
13810217,临床医学（全科方向）
13810218,临床医学（全科方向）
13810219,临床医学（全科方向）
13810220,临床医学（全科方向）
13810221,临床医学（全科方向）
13810222,临床医学（全科方向）
13810223,临床医学（全科方向）
13810224,临床医学（全科方向）
13810225,临床医学（全科方向）
13810226,临床医学（全科方向）
13810227,临床医学（全科方向）
13810228,临床医学（全科方向）
13810229,临床医学（全科方向）
13810230,临床医学（全科方向）
13810231,临床医学（全科方向）
13810234,临床医学（全科方向）
13810235,临床医学（全科方向）
13810236,临床医学（全科方向）
13810301,临床医学（全科方向）
13810302,临床医学（全科方向）
13810303,临床医学（全科方向）
13810304,临床医学（全科方向）
13810305,临床医学（全科方向）
13810306,临床医学（全科方向）
13810307,临床医学（全科方向）
13810308,临床医学（全科方向）
13810309,临床医学（全科方向）
13810310,临床医学（全科方向）
13810311,临床医学（全科方向）
13810312,临床医学（全科方向）
13810313,临床医学（全科方向）
13810314,临床医学（全科方向）
13810315,临床医学（全科方向）
13810317,临床医学（全科方向）
13810318,临床医学（全科方向）
13810319,临床医学（全科方向）
13810320,临床医学（全科方向）
13810321,临床医学（全科方向）
13810322,临床医学（全科方向）
13810323,临床医学（全科方向）
13810324,临床医学（全科方向）
13810325,临床医学（全科方向）
13810326,临床医学（全科方向）
13810327,临床医学（全科方向）
13810328,临床医学（全科方向）
13810329,临床医学（全科方向）
13810330,临床医学（全科方向）
13810331,临床医学（全科方向）
13810333,临床医学（全科方向）
13810334,临床医学（全科方向）
13810335,临床医学（全科方向）
13810336,临床医学（全科方向）
13810401,临床医学（全科方向）
13810402,临床医学（全科方向）
13810403,临床医学（全科方向）
13810404,临床医学（全科方向）
13810405,临床医学（全科方向）
13810406,临床医学（全科方向）
13810407,临床医学（全科方向）
13810408,临床医学（全科方向）
13810409,临床医学（全科方向）
13810410,临床医学（全科方向）
13810411,临床医学（全科方向）
13810412,临床医学（全科方向）
13810413,临床医学（全科方向）
13810415,临床医学（全科方向）
13810416,临床医学（全科方向）
13810418,临床医学（全科方向）
13810419,临床医学（全科方向）
13810420,临床医学（全科方向）
13810421,临床医学（全科方向）
13810422,临床医学（全科方向）
13810423,临床医学（全科方向）
13810424,临床医学（全科方向）
13810425,临床医学（全科方向）
13810426,临床医学（全科方向）
13810427,临床医学（全科方向）
13810428,临床医学（全科方向）
13810429,临床医学（全科方向）
13810430,临床医学（全科方向）
13810431,临床医学（全科方向）
13810432,临床医学（全科方向）
13810434,临床医学（全科方向）
13810435,临床医学（全科方向）
13810501,临床医学（全科方向）
13810502,临床医学（全科方向）
13810503,临床医学（全科方向）
13810505,临床医学（全科方向）
13810506,临床医学（全科方向）
13810507,临床医学（全科方向）
13810508,临床医学（全科方向）
13810509,临床医学（全科方向）
13810510,临床医学（全科方向）
13810511,临床医学（全科方向）
13810512,临床医学（全科方向）
13810513,临床医学（全科方向）
13810514,临床医学（全科方向）
13810515,临床医学（全科方向）
13810516,临床医学（全科方向）
13810517,临床医学（全科方向）
13810518,临床医学（全科方向）
13810519,临床医学（全科方向）
13810520,临床医学（全科方向）
13810521,临床医学（全科方向）
13810522,临床医学（全科方向）
13810523,临床医学（全科方向）
13810524,临床医学（全科方向）
13810525,临床医学（全科方向）
13810526,临床医学（全科方向）
13810527,临床医学（全科方向）
13810528,临床医学（全科方向）
13810529,临床医学（全科方向）
13810530,临床医学（全科方向）
13810531,临床医学（全科方向）
13810532,临床医学（全科方向）
13810533,临床医学（全科方向）
13810535,临床医学（全科方向）
13890102,预防医学
13890104,预防医学
13890106,预防医学
13890107,预防医学
13890108,预防医学
13890109,预防医学
13890110,预防医学
13890112,预防医学
13890113,预防医学
13890114,预防医学
13890115,预防医学
13890116,预防医学
13890117,预防医学
13890118,预防医学
13890119,预防医学
13890121,预防医学
13890122,预防医学
13890123,预防医学
13890124,预防医学
13890125,预防医学
13890126,预防医学
13890127,预防医学
13890128,预防医学
13890201,预防医学
13890202,预防医学
13890203,预防医学
13890204,预防医学
13890205,预防医学
13890206,预防医学
13890207,预防医学
13890208,预防医学
13890209,预防医学
13890210,预防医学
13890211,预防医学
13890212,预防医学
13890213,预防医学
13890214,预防医学
13890215,预防医学
13890216,预防医学
13890217,预防医学
13890218,预防医学
13890219,预防医学
13890221,预防医学
13890222,预防医学
13890223,预防医学
13890224,预防医学
13890225,预防医学
13890227,预防医学
13860102,药学
13860103,药学
13860105,药学
13860106,药学
13860107,药学
13860108,药学
13860109,药学
13860110,药学
13860111,药学
13860112,药学
13860113,药学
13860114,药学
13860116,药学
13860117,药学
13860118,药学
13860119,药学
13860121,药学
13860122,药学
13860123,药学
13860124,药学
13860125,药学
13860126,药学
13860127,药学
13860128,药学
13860129,药学
13860130,药学
13860131,药学
13860132,药学
13860133,药学
13860134,药学
13860135,药学
13860201,药学
13860202,药学
13860204,药学
13860205,药学
13860206,药学
13860207,药学
13860209,药学
13860210,药学
13860211,药学
13860212,药学
13860213,药学
13860214,药学
13860215,药学
13860216,药学
13860217,药学
13860219,药学
13860220,药学
13860222,药学
13860223,药学
13860224,药学
13860225,药学
13860226,药学
13860227,药学
13860228,药学
13860229,药学
13860230,药学
13860231,药学
13860232,药学
13860234,药学
13860235,药学
13860303,药学
13860304,药学
13860305,药学
13860306,药学
13860307,药学
13860308,药学
13860311,药学
13860312,药学
13860314,药学
13860315,药学
13860317,药学
13860318,药学
13860319,药学
13860320,药学
13860321,药学
13860322,药学
13860324,药学
13860325,药学
13860326,药学
13860327,药学
13860330,药学
13860331,药学
13860332,药学
13860333,药学
13860401,药学
13860403,药学
13860404,药学
13860405,药学
13860406,药学
13860407,药学
13860409,药学
13860410,药学
13860411,药学
13860412,药学
13860413,药学
13860415,药学
13860416,药学
13860418,药学
13860419,药学
13860421,药学
13860422,药学
13860423,药学
13860424,药学
13860425,药学
13860426,药学
13860427,药学
13860428,药学
13860429,药学
13860430,药学
13860431,药学
13860432,药学
13860433,药学
13860434,药学
13820101,医学影像技术
13820103,医学影像技术
13820104,医学影像技术
13820105,医学影像技术
13820106,医学影像技术
13820107,医学影像技术
13820108,医学影像技术
13820109,医学影像技术
13820110,医学影像技术
13820111,医学影像技术
13820112,医学影像技术
13820113,医学影像技术
13820114,医学影像技术
13820115,医学影像技术
13820116,医学影像技术
13820117,医学影像技术
13820118,医学影像技术
13820119,医学影像技术
13820120,医学影像技术
13820121,医学影像技术
13820122,医学影像技术
13820123,医学影像技术
13820124,医学影像技术
13820125,医学影像技术
13820126,医学影像技术
13820127,医学影像技术
13820128,医学影像技术
13820129,医学影像技术
13820201,医学影像技术
13820202,医学影像技术
13820203,医学影像技术
13820204,医学影像技术
13820205,医学影像技术
13820206,医学影像技术
13820207,医学影像技术
13820208,医学影像技术
13820209,医学影像技术
13820210,医学影像技术
13820211,医学影像技术
13820213,医学影像技术
13820214,医学影像技术
13820215,医学影像技术
13820216,医学影像技术
13820217,医学影像技术
13820218,医学影像技术
13820219,医学影像技术
13820220,医学影像技术
13820221,医学影像技术
13820222,医学影像技术
13820223,医学影像技术
13820224,医学影像技术
13820225,医学影像技术
13820226,医学影像技术
13820227,医学影像技术
13820228,医学影像技术
13920102,康复治疗学
13920103,康复治疗学
13920104,康复治疗学
13920105,康复治疗学
13920106,康复治疗学
13920107,康复治疗学
13920108,康复治疗学
13920110,康复治疗学
13920111,康复治疗学
13920112,康复治疗学
13920113,康复治疗学
13920114,康复治疗学
13920116,康复治疗学
13920117,康复治疗学
13920118,康复治疗学
13920119,康复治疗学
13920120,康复治疗学
13920121,康复治疗学
13920122,康复治疗学
13920124,康复治疗学
13920125,康复治疗学
13920126,康复治疗学
13920201,康复治疗学
13920202,康复治疗学
13920203,康复治疗学
13920204,康复治疗学
13920205,康复治疗学
13920206,康复治疗学
13920207,康复治疗学
13920208,康复治疗学
13920209,康复治疗学
13920210,康复治疗学
13920211,康复治疗学
13920212,康复治疗学
13920213,康复治疗学
13920214,康复治疗学
13920215,康复治疗学
13920216,康复治疗学
13920217,康复治疗学
13920218,康复治疗学
13920219,康复治疗学
13920220,康复治疗学
13920221,康复治疗学
13920222,康复治疗学
13920223,康复治疗学
13920224,康复治疗学
13920225,康复治疗学
13830101,护理学
13830102,护理学
13830103,护理学
13830104,护理学
13830105,护理学
13830106,护理学
13830107,护理学
13830108,护理学
13830111,护理学
13830113,护理学
13830114,护理学
13830115,护理学
13830116,护理学
13830117,护理学
13830118,护理学
13830119,护理学
13830120,护理学
13830121,护理学
13830122,护理学
13830123,护理学
13830124,护理学
13830125,护理学
13830126,护理学
13830127,护理学
13830128,护理学
13830129,护理学
13830130,护理学
13830131,护理学
13830132,护理学
13830133,护理学
13830134,护理学
13830135,护理学
13830136,护理学
13830137,护理学
13830138,护理学
13830139,护理学
13830140,护理学
13830141,护理学
13830142,护理学
13830202,护理学
13830203,护理学
13830204,护理学
13830205,护理学
13830206,护理学
13830207,护理学
13830208,护理学
13830209,护理学
13830210,护理学
13830211,护理学
13830212,护理学
13830213,护理学
13830214,护理学
13830215,护理学
13830216,护理学
13830217,护理学
13830218,护理学
13830219,护理学
13830220,护理学
13830221,护理学
13830222,护理学
13830223,护理学
13830224,护理学
13830225,护理学
13830226,护理学
13830227,护理学
13830228,护理学
13830229,护理学
13830230,护理学
13830231,护理学
13830232,护理学
13830233,护理学
13830234,护理学
13830235,护理学
13830236,护理学
13830237,护理学
13830238,护理学
13830239,护理学
13830240,护理学
13830241,护理学
13830242,护理学
13830301,护理学
13830303,护理学
13830304,护理学
13830305,护理学
13830306,护理学
13830307,护理学
13830308,护理学
13830309,护理学
13830310,护理学
13830311,护理学
13830312,护理学
13830313,护理学
13830314,护理学
13830315,护理学
13830317,护理学
13830318,护理学
13830319,护理学
13830320,护理学
13830321,护理学
13830322,护理学
13830323,护理学
13830324,护理学
13830325,护理学
13830326,护理学
13830327,护理学
13830328,护理学
13830329,护理学
13830330,护理学
13830331,护理学
13830332,护理学
13830333,护理学
13830334,护理学
13830335,护理学
13830336,护理学
13830337,护理学
13830338,护理学
13830339,护理学
13830340,护理学
13830341,护理学
13830342,护理学
13830403,护理学
13830405,护理学
13830406,护理学
13830407,护理学
13830408,护理学
13830409,护理学
13830410,护理学
13830411,护理学
13830412,护理学
13830413,护理学
13830414,护理学
13830415,护理学
13830416,护理学
13830417,护理学
13830418,护理学
13830419,护理学
13830420,护理学
13830421,护理学
13830422,护理学
13830423,护理学
13830424,护理学
13830425,护理学
13830426,护理学
13830427,护理学
13830428,护理学
13830429,护理学
13830430,护理学
13830431,护理学
13830432,护理学
13830433,护理学
13830434,护理学
13830435,护理学
13830436,护理学
13830437,护理学
13830438,护理学
13830439,护理学
13830440,护理学
13830441,护理学
13830442,护理学
13830501,护理学
13830503,护理学
13830504,护理学
13830505,护理学
13830506,护理学
13830507,护理学
13830508,护理学
13830510,护理学
13830511,护理学
13830512,护理学
13830513,护理学
13830514,护理学
13830515,护理学
13830516,护理学
13830517,护理学
13830518,护理学
13830519,护理学
13830520,护理学
13830521,护理学
13830522,护理学
13830523,护理学
13830524,护理学
13830525,护理学
13830526,护理学
13830527,护理学
13830528,护理学
13830529,护理学
13830530,护理学
13830531,护理学
13830532,护理学
13830533,护理学
13830534,护理学
13830535,护理学
13830536,护理学
13830537,护理学
13830538,护理学
13830539,护理学
13830540,护理学
13830541,护理学
13830542,护理学
13830601,护理学
13830602,护理学
13830603,护理学
13830605,护理学
13830606,护理学
13830607,护理学
13830608,护理学
13830609,护理学
13830610,护理学
13830611,护理学
13830612,护理学
13830613,护理学
13830614,护理学
13830615,护理学
13830616,护理学
13830617,护理学
13830618,护理学
13830619,护理学
13830620,护理学
13830621,护理学
13830622,护理学
13830623,护理学
13830624,护理学
13830625,护理学
13830626,护理学
13830627,护理学
13830628,护理学
13830629,护理学
13830630,护理学
13830631,护理学
13830632,护理学
13830633,护理学
13830634,护理学
13830635,护理学
13830636,护理学
13830637,护理学
13830638,护理学
13830639,护理学
13830640,护理学
13830641,护理学
13830642,护理学
13830702,护理学
13830703,护理学
13830704,护理学
13830705,护理学
13830706,护理学
13830707,护理学
13830708,护理学
13830709,护理学
13830710,护理学
13830711,护理学
13830712,护理学
13830713,护理学
13830714,护理学
13830715,护理学
13830716,护理学
13830717,护理学
13830718,护理学
13830719,护理学
13830720,护理学
13830721,护理学
13830722,护理学
13830723,护理学
13830724,护理学
13830725,护理学
13830726,护理学
13830727,护理学
13830728,护理学
13830729,护理学
13830730,护理学
13830731,护理学
13830732,护理学
13830733,护理学
13830734,护理学
13830735,护理学
13830736,护理学
13830737,护理学
13830738,护理学
13830739,护理学
13830740,护理学
13830741,护理学
13830742,护理学
13830801,护理学
13830802,护理学
13830803,护理学
13830804,护理学
13830805,护理学
13830806,护理学
13830807,护理学
13830808,护理学
13830809,护理学
13830810,护理学
13830811,护理学
13830812,护理学
13830813,护理学
13830814,护理学
13830815,护理学
13830816,护理学
13830817,护理学
13830818,护理学
13830819,护理学
13830820,护理学
13830821,护理学
13830822,护理学
13830823,护理学
13830824,护理学
13830826,护理学
13830827,护理学
13830828,护理学
13830829,护理学
13830830,护理学
13830831,护理学
13830832,护理学
13830833,护理学
13830834,护理学
13830835,护理学
13830836,护理学
13830838,护理学
13830839,护理学
13830840,护理学
13830841,护理学
13830842,护理学
13830903,护理学
13830904,护理学
13830905,护理学
13830906,护理学
13830907,护理学
13830908,护理学
13830909,护理学
13830910,护理学
13830911,护理学
13830912,护理学
13830913,护理学
13830914,护理学
13830915,护理学
13830916,护理学
13830917,护理学
13830918,护理学
13830919,护理学
13830920,护理学
13830921,护理学
13830922,护理学
13830923,护理学
13830924,护理学
13830925,护理学
13830926,护理学
13830927,护理学
13830928,护理学
13830929,护理学
13830930,护理学
13830931,护理学
13830932,护理学
13830933,护理学
13830934,护理学
13830935,护理学
13830936,护理学
13830937,护理学
13830938,护理学
13830939,护理学
13830940,护理学
13830941,护理学
13830942,护理学
13831002,护理学
13831003,护理学
13831004,护理学
13831007,护理学
13831009,护理学
13831010,护理学
13831011,护理学
13831012,护理学
13831013,护理学
13831014,护理学
13831015,护理学
13831016,护理学
13831017,护理学
13831018,护理学
13831019,护理学
13831020,护理学
13831021,护理学
13831022,护理学
13831023,护理学
13831024,护理学
13831025,护理学
13831026,护理学
13831027,护理学
13831028,护理学
13831029,护理学
13831030,护理学
13831031,护理学
13831032,护理学
13831033,护理学
13831034,护理学
13831035,护理学
13831036,护理学
13831037,护理学
13831038,护理学
13831039,护理学
13831040,护理学
13831041,护理学
13831042,护理学
13840101,公共事业管理
13840102,公共事业管理
13840103,公共事业管理
13840104,公共事业管理
13840105,公共事业管理
13840106,公共事业管理
13840107,公共事业管理
13840109,公共事业管理
13840110,公共事业管理
13840111,公共事业管理
13840113,公共事业管理
13840114,公共事业管理
13840115,公共事业管理
13840116,公共事业管理
13840117,公共事业管理
13840118,公共事业管理
13840119,公共事业管理
13840121,公共事业管理
13840122,公共事业管理
13840123,公共事业管理
13840125,公共事业管理
13840126,公共事业管理
13840127,公共事业管理
13840128,公共事业管理
13840129,公共事业管理
12840122,公共事业管理
13840202,公共事业管理
13840204,公共事业管理
13840205,公共事业管理
13840206,公共事业管理
13840207,公共事业管理
13840208,公共事业管理
13840209,公共事业管理
13840210,公共事业管理
13840211,公共事业管理
13840212,公共事业管理
13840213,公共事业管理
13840214,公共事业管理
13840215,公共事业管理
13840217,公共事业管理
13840218,公共事业管理
13840220,公共事业管理
13840221,公共事业管理
13840223,公共事业管理
13840226,公共事业管理
13840227,公共事业管理
13840228,公共事业管理
13840229,公共事业管理
13840230,公共事业管理
13840231,公共事业管理
13840301,公共事业管理
13840302,公共事业管理
13840303,公共事业管理
13840304,公共事业管理
13840307,公共事业管理
13840308,公共事业管理
13840312,公共事业管理
13840313,公共事业管理
13840314,公共事业管理
13840315,公共事业管理
13840316,公共事业管理
13840317,公共事业管理
13840318,公共事业管理
13840319,公共事业管理
13840320,公共事业管理
13840321,公共事业管理
13840322,公共事业管理
13840323,公共事业管理
13840324,公共事业管理
13840325,公共事业管理
13840326,公共事业管理
13840327,公共事业管理
13840328,公共事业管理
13840329,公共事业管理
13840330,公共事业管理
13840331,公共事业管理
13840332,公共事业管理
13840401,公共事业管理
13840403,公共事业管理
13840404,公共事业管理
13840405,公共事业管理
13840406,公共事业管理
13840408,公共事业管理
13840409,公共事业管理
13840411,公共事业管理
13840412,公共事业管理
13840413,公共事业管理
13840414,公共事业管理
13840415,公共事业管理
13840416,公共事业管理
13840417,公共事业管理
13840418,公共事业管理
13840419,公共事业管理
13840420,公共事业管理
13840421,公共事业管理
13840422,公共事业管理
13840423,公共事业管理
13840424,公共事业管理
13840425,公共事业管理
13840426,公共事业管理
13840427,公共事业管理
13840428,公共事业管理
13840429,公共事业管理
13840430,公共事业管理
13840431,公共事业管理
13840432,公共事业管理
13840433,公共事业管理
13840434,公共事业管理
13840435,公共事业管理
13840438,公共事业管理
13840501,公共事业管理
13840502,公共事业管理
13840503,公共事业管理
13840504,公共事业管理
13840505,公共事业管理
13840507,公共事业管理
13840508,公共事业管理
13840509,公共事业管理
13860101,公共事业管理
13840512,公共事业管理
13840513,公共事业管理
13840514,公共事业管理
13840515,公共事业管理
13840516,公共事业管理
13840517,公共事业管理
13840518,公共事业管理
13840519,公共事业管理
13840520,公共事业管理
13840521,公共事业管理
13840522,公共事业管理
13840523,公共事业管理
13840524,公共事业管理
13840525,公共事业管理
13840526,公共事业管理
13840527,公共事业管理
13840528,公共事业管理
13840529,公共事业管理
13840530,公共事业管理
13840531,公共事业管理
13840532,公共事业管理
13840534,公共事业管理
13840535,公共事业管理
13840601,公共事业管理
13840602,公共事业管理
13840603,公共事业管理
13840605,公共事业管理
13840606,公共事业管理
13840608,公共事业管理
13840609,公共事业管理
13840610,公共事业管理
13840612,公共事业管理
13840613,公共事业管理
13840614,公共事业管理
13840615,公共事业管理
13840616,公共事业管理
13840617,公共事业管理
13840618,公共事业管理
13840619,公共事业管理
13840620,公共事业管理
13840621,公共事业管理
13840622,公共事业管理
13840623,公共事业管理
13840624,公共事业管理
13840625,公共事业管理
13840626,公共事业管理
13840627,公共事业管理
13840628,公共事业管理
13840629,公共事业管理
13840630,公共事业管理
13840631,公共事业管理
13840634,公共事业管理